{"name": "金谷苑 4居室 南卧                  ", "jia": "800", "zul": "合租", "lei": "4室1厅2卫", "chao": "南", "mian": "10.00㎡", "lou": "11/28层", "shui": "民水", "dian": "民电", "zuq": "6~12个月", "ran": "有", "ti": "有", "che": "租用车位"}
{"name": "帝豪名都 4室2厅 东                  ", "jia": "2900", "zul": "整租", "lei": "4室2厅2卫", "chao": "东", "mian": "146.80㎡", "lou": "高楼层/29层", "shui": "民水", "dian": "民电", "zuq": "1年以内", "ran": "有", "ti": "有", "che": "租用车位"}
{"name": "龙慧苑 2室1厅 南                  ", "jia": "600", "zul": "整租", "lei": "2室1厅1卫", "chao": "南", "mian": "90.00㎡", "lou": "低楼层/18层", "shui": "民水", "dian": "民电", "zuq": "暂无数据", "ran": "有", "ti": "有", "che": "暂无数据"}
{"name": "中天会展城A区 5居室 南卧                  ", "jia": "980", "zul": "合租", "lei": "5室1厅2卫", "chao": "南", "mian": "12.00㎡", "lou": "23/32层", "shui": "民水", "dian": "民电", "zuq": "3~12个月", "ran": "有", "ti": "有", "che": "暂无数据"}
{"name": "奥林花园 4居室 南卧                  ", "jia": "980", "zul": "合租", "lei": "4室1厅2卫", "chao": "南", "mian": "15.00㎡", "lou": "13/18层", "shui": "民水", "dian": "民电", "zuq": "6~12个月", "ran": "有", "ti": "有", "che": "免费使用"}
{"name": "远大美域 3室2厅 南                  ", "jia": "3000", "zul": "整租", "lei": "3室2厅2卫", "chao": "南", "mian": "116.00㎡", "lou": "高楼层/32层", "shui": "暂无数据", "dian": "暂无数据", "zuq": "1年以内", "ran": "有", "ti": "有", "che": "租用车位"}
{"name": "花香上海城 1室1厅 南                  ", "jia": "1080", "zul": "整租", "lei": "1室1厅1卫", "chao": "南", "mian": "50.00㎡", "lou": "16/20层", "shui": "民水", "dian": "民电", "zuq": "1个月以上", "ran": "有", "ti": "无", "che": "免费使用"}
{"name": "花果园U区 3室2厅 南                  ", "jia": "2500", "zul": "整租", "lei": "3室2厅2卫", "chao": "南", "mian": "100.00㎡", "lou": "中楼层/44层", "shui": "民水", "dian": "民电", "zuq": "暂无数据", "ran": "有", "ti": "有", "che": "暂无数据"}
{"name": "碧园花城 4居室 南卧                  ", "jia": "540", "zul": "合租", "lei": "4室1厅2卫", "chao": "南", "mian": "25.00㎡", "lou": "7/24层", "shui": "民水", "dian": "民电", "zuq": "1个月以上", "ran": "有", "ti": "有", "che": "免费使用"}
{"name": "帝豪名都 3室2厅 西北                  ", "jia": "2600", "zul": "整租", "lei": "3室2厅2卫", "chao": "西北", "mian": "144.52㎡", "lou": "低楼层/29层", "shui": "民水", "dian": "民电", "zuq": "1年以内", "ran": "有", "ti": "有", "che": "租用车位"}
{"name": "花果园A南区 4居室 南卧                  ", "jia": "800", "zul": "合租", "lei": "4室1厅2卫", "chao": "南", "mian": "12.00㎡", "lou": "15/36层", "shui": "民水", "dian": "民电", "zuq": "3~12个月", "ran": "有", "ti": "有", "che": "暂无数据"}
{"name": "清华山庄 3室1厅 东南                  ", "jia": "1700", "zul": "整租", "lei": "3室1厅1卫", "chao": "东南", "mian": "91.00㎡", "lou": "中楼层/7层", "shui": "民水", "dian": "民电", "zuq": "1年以内", "ran": "有", "ti": "无", "che": "租用车位"}
{"name": "花果园W2区 3室2厅 西南/西                  ", "jia": "2400", "zul": "整租", "lei": "3室2厅2卫", "chao": "西南 西", "mian": "130.00㎡", "lou": "低楼层/43层", "shui": "民水", "dian": "民电", "zuq": "1年以内", "ran": "有", "ti": "有", "che": "租用车位"}
{"name": "龙锦苑 3室2厅 东南                  ", "jia": "3300", "zul": "整租", "lei": "3室2厅2卫", "chao": "东南", "mian": "135.00㎡", "lou": "高楼层/30层", "shui": "民水", "dian": "民电", "zuq": "1年以内", "ran": "有", "ti": "有", "che": "租用车位"}
{"name": "红星城市广场 1室0厅 南                  ", "jia": "2925", "zul": "整租", "lei": "1室0厅1卫", "chao": "南", "mian": "65.00㎡", "lou": "中楼层/21层", "shui": "暂无数据", "dian": "暂无数据", "zuq": "3年以内", "ran": "暂无数据", "ti": "无", "che": "租用车位"}
{"name": "花果园Q区 4居室 南卧                  ", "jia": "830", "zul": "合租", "lei": "4室2厅2卫", "chao": "南", "mian": "25.00㎡", "lou": "18/40层", "shui": "民水", "dian": "民电", "zuq": "3~12个月", "ran": "有", "ti": "有", "che": "免费使用"}
{"name": "碧潭园", "jia": "2700", "zul": "整租", "lei": "3室2厅1卫", "chao": "南", "mian": "90.00㎡", "lou": "中楼层/34层", "shui": "民水", "dian": "民电", "zuq": "暂无数据", "ran": "有", "ti": "有", "che": "暂无数据"}
{"name": "南馨苑小区 7室3厅 南                  ", "jia": "5000", "zul": "整租", "lei": "7室3厅2卫", "chao": "南", "mian": "195.24㎡", "lou": "高楼层/6层", "shui": "民水", "dian": "民电", "zuq": "2年以内", "ran": "有", "ti": "无", "che": "租用车位"}
{"name": "恒大滨河左岸 3室2厅 东南                  ", "jia": "2500", "zul": "整租", "lei": "3室2厅2卫", "chao": "东南", "mian": "126.00㎡", "lou": "高楼层/47层", "shui": "暂无数据", "dian": "暂无数据", "zuq": "1年以内", "ran": "暂无数据", "ti": "无", "che": "暂无数据"}
{"name": "花果园A南区 4居室 南卧                  ", "jia": "930", "zul": "合租", "lei": "4室1厅2卫", "chao": "南", "mian": "16.00㎡", "lou": "23/36层", "shui": "民水", "dian": "民电", "zuq": "3~12个月", "ran": "有", "ti": "有", "che": "暂无数据"}
{"name": "龙晖苑 5居室 南卧                  ", "jia": "650", "zul": "合租", "lei": "5室1厅2卫", "chao": "南", "mian": "20.00㎡", "lou": "9/32层", "shui": "民水", "dian": "民电", "zuq": "3~12个月", "ran": "有", "ti": "有", "che": "暂无数据"}
{"name": "富力新天地 1室1厅 南                  ", "jia": "1800", "zul": "整租", "lei": "1室1厅1卫", "chao": "南", "mian": "47.00㎡", "lou": "中楼层/19层", "shui": "暂无数据", "dian": "暂无数据", "zuq": "1年以内", "ran": "无", "ti": "有", "che": "租用车位"}
{"name": "学府青藤 3室2厅 南/北                  ", "jia": "1700", "zul": "整租", "lei": "3室2厅1卫", "chao": "南 北", "mian": "100.00㎡", "lou": "高楼层/16层", "shui": "暂无数据", "dian": "暂无数据", "zuq": "暂无数据", "ran": "暂无数据", "ti": "无", "che": "暂无数据"}
{"name": "高速路政管理所宿舍 5居室 南卧                  ", "jia": "1200", "zul": "合租", "lei": "5室1厅2卫", "chao": "南", "mian": "22.00㎡", "lou": "12/31层", "shui": "民水", "dian": "民电", "zuq": "6~12个月", "ran": "有", "ti": "无", "che": "暂无数据"}
{"name": "龙潭", "jia": "1180", "zul": "合租", "lei": "4室1厅2卫", "chao": "南", "mian": "14.00㎡", "lou": "5/11层", "shui": "民水", "dian": "民电", "zuq": "6~12个月", "ran": "有", "ti": "有", "che": "暂无数据"}
{"name": "中天会展城A区 3室2厅 南                  ", "jia": "2400", "zul": "整租", "lei": "3室2厅2卫", "chao": "南", "mian": "118.00㎡", "lou": "高楼层/32层", "shui": "民水", "dian": "民电", "zuq": "暂无数据", "ran": "有", "ti": "有", "che": "暂无数据"}
{"name": "华润国际社区 5居室 南卧                  ", "jia": "1550", "zul": "合租", "lei": "5室1厅2卫", "chao": "南", "mian": "20.00㎡", "lou": "6/33层", "shui": "民水", "dian": "民电", "zuq": "6~12个月", "ran": "有", "ti": "有", "che": "暂无数据"}
{"name": "龙慈苑 3室2厅 西                  ", "jia": "2000", "zul": "整租", "lei": "3室2厅2卫", "chao": "西", "mian": "109.00㎡", "lou": "低楼层/33层", "shui": "民水", "dian": "民电", "zuq": "1年以内", "ran": "有", "ti": "有", "che": "暂无数据"}
{"name": "福建大厦 5居室 南卧                  ", "jia": "1050", "zul": "合租", "lei": "5室2厅2卫", "chao": "南", "mian": "16.00㎡", "lou": "15/30层", "shui": "民水", "dian": "民电", "zuq": "3~12个月", "ran": "无", "ti": "无", "che": "暂无数据"}
{"name": "碧海乾图花园 3室2厅 东南                  ", "jia": "2600", "zul": "整租", "lei": "3室2厅2卫", "chao": "东南", "mian": "120.00㎡", "lou": "高楼层/11层", "shui": "民水", "dian": "民电", "zuq": "3年以内", "ran": "有", "ti": "有", "che": "租用车位"}
{"name": "万科大都会花样 5居室 南卧                  ", "jia": "950", "zul": "合租", "lei": "5室1厅2卫", "chao": "南", "mian": "14.00㎡", "lou": "23/35层", "shui": "民水", "dian": "民电", "zuq": "1~12个月", "ran": "有", "ti": "无", "che": "免费使用"}
{"name": "中天世纪新城七组团 7室2厅 东南                  ", "jia": "20000", "zul": "整租", "lei": "7室2厅7卫", "chao": "东南", "mian": "252.00㎡", "lou": "低楼层/5层", "shui": "暂无数据", "dian": "暂无数据", "zuq": "暂无数据", "ran": "有", "ti": "无", "che": "暂无数据"}
{"name": "美成名园 4居室 南卧                  ", "jia": "630", "zul": "合租", "lei": "4室1厅2卫", "chao": "南", "mian": "25.00㎡", "lou": "7/17层", "shui": "民水", "dian": "民电", "zuq": "1个月以上", "ran": "有", "ti": "有", "che": "免费使用"}
{"name": "恒大中央广场 1室1厅 东南                  ", "jia": "1200", "zul": "整租", "lei": "1室1厅1卫", "chao": "东南", "mian": "41.00㎡", "lou": "中楼层/18层", "shui": "暂无数据", "dian": "暂无数据", "zuq": "暂无数据", "ran": "暂无数据", "ti": "无", "che": "暂无数据"}
{"name": "一鸣", "jia": "580", "zul": "合租", "lei": "4室1厅2卫", "chao": "南", "mian": "25.00㎡", "lou": "29/33层", "shui": "民水", "dian": "民电", "zuq": "1个月以上", "ran": "有", "ti": "有", "che": "免费使用"}
{"name": "中天会展城B区七组团 3室2厅 南                  ", "jia": "3500", "zul": "整租", "lei": "3室2厅2卫", "chao": "南", "mian": "154.00㎡", "lou": "高楼层/32层", "shui": "民水", "dian": "民电", "zuq": "1年以内", "ran": "有", "ti": "有", "che": "暂无数据"}
{"name": "万科新都荟 5居室 南卧                  ", "jia": "800", "zul": "合租", "lei": "5室1厅2卫", "chao": "南", "mian": "10.00㎡", "lou": "25/34层", "shui": "民水", "dian": "民电", "zuq": "6~12个月", "ran": "有", "ti": "有", "che": "暂无数据"}
{"name": "龙凯苑 3室2厅 东南                  ", "jia": "2200", "zul": "整租", "lei": "3室2厅2卫", "chao": "东南", "mian": "118.07㎡", "lou": "低楼层/25层", "shui": "民水", "dian": "民电", "zuq": "暂无数据", "ran": "有", "ti": "有", "che": "暂无数据"}
{"name": "中天会展城A区 4居室 南卧                  ", "jia": "1250", "zul": "合租", "lei": "4室2厅2卫", "chao": "南", "mian": "17.00㎡", "lou": "8/32层", "shui": "民水", "dian": "民电", "zuq": "3~12个月", "ran": "有", "ti": "有", "che": "暂无数据"}
{"name": "花果园L1区 3室2厅 东南                  ", "jia": "2800", "zul": "整租", "lei": "3室2厅2卫", "chao": "东南", "mian": "132.00㎡", "lou": "中楼层/44层", "shui": "民水", "dian": "民电", "zuq": "暂无数据", "ran": "有", "ti": "有", "che": "暂无数据"}
{"name": "优品道", "jia": "600", "zul": "合租", "lei": "5室1厅3卫", "chao": "东南", "mian": "20.00㎡", "lou": "10/32层", "shui": "民水", "dian": "民电", "zuq": "3~12个月", "ran": "有", "ti": "有", "che": "暂无数据"}
{"name": "北大资源梦想城 1室1厅 东南                  ", "jia": "1700", "zul": "整租", "lei": "1室1厅1卫", "chao": "东南", "mian": "40.00㎡", "lou": "高楼层/11层", "shui": "暂无数据", "dian": "暂无数据", "zuq": "1年以内", "ran": "无", "ti": "有", "che": "租用车位"}
{"name": "金融π公寓 1室1厅 东南                  ", "jia": "1300", "zul": "整租", "lei": "1室1厅1卫", "chao": "东南", "mian": "40.20㎡", "lou": "高楼层/18层", "shui": "商水", "dian": "商电", "zuq": "暂无数据", "ran": "无", "ti": "有", "che": "暂无数据"}
{"name": "龙慧苑 3室1厅 南                  ", "jia": "2000", "zul": "整租", "lei": "3室1厅2卫", "chao": "南", "mian": "137.00㎡", "lou": "中楼层/18层", "shui": "民水", "dian": "民电", "zuq": "1年以内", "ran": "有", "ti": "有", "che": "暂无数据"}
{"name": "明诚景怡苑 1室1厅 南                  ", "jia": "930", "zul": "整租", "lei": "1室1厅1卫", "chao": "南", "mian": "50.00㎡", "lou": "3/6层", "shui": "民水", "dian": "民电", "zuq": "1个月以上", "ran": "有", "ti": "有", "che": "免费使用"}
{"name": "中天会展城B区七组团 3室1厅 南                  ", "jia": "2400", "zul": "整租", "lei": "3室1厅1卫", "chao": "南", "mian": "90.00㎡", "lou": "中楼层/18层", "shui": "民水", "dian": "民电", "zuq": "暂无数据", "ran": "有", "ti": "有", "che": "暂无数据"}
{"name": "中海城市花园 2室1厅 南                  ", "jia": "1600", "zul": "整租", "lei": "2室1厅1卫", "chao": "南", "mian": "80.00㎡", "lou": "中楼层/8层", "shui": "民水", "dian": "民电", "zuq": "暂无数据", "ran": "有", "ti": "无", "che": "暂无数据"}
{"name": "贵阳恒大文化旅游城 3室2厅 东南/南                  ", "jia": "1600", "zul": "整租", "lei": "3室2厅2卫", "chao": "东南 南", "mian": "117.00㎡", "lou": "高楼层/15层", "shui": "暂无数据", "dian": "暂无数据", "zuq": "1年以内", "ran": "暂无数据", "ti": "无", "che": "免费使用"}
{"name": "未来方舟F2组团 2室1厅 南                  ", "jia": "2900", "zul": "整租", "lei": "2室1厅1卫", "chao": "南", "mian": "67.00㎡", "lou": "中楼层/17层", "shui": "商水", "dian": "商电", "zuq": "1年以内", "ran": "无", "ti": "有", "che": "租用车位"}
{"name": "长城嘉苑 5居室 未知卧                  ", "jia": "700", "zul": "合租", "lei": "5室2厅2卫", "chao": "未知", "mian": "11.00㎡", "lou": "14/25层", "shui": "民水", "dian": "民电", "zuq": "3~12个月", "ran": "有", "ti": "有", "che": "租用车位"}
{"name": "长城嘉苑 4居室 西北卧                  ", "jia": "675", "zul": "合租", "lei": "4室2厅2卫", "chao": "西北", "mian": "10.00㎡", "lou": "4/30层", "shui": "民水", "dian": "民电", "zuq": "1~12个月", "ran": "有", "ti": "无", "che": "暂无数据"}
{"name": "滨湖俊园 3室2厅 西南                  ", "jia": "3600", "zul": "整租", "lei": "3室2厅2卫", "chao": "西南", "mian": "87.00㎡", "lou": "低楼层/33层", "shui": "民水", "dian": "民电", "zuq": "1年以内", "ran": "有", "ti": "有", "che": "暂无数据"}
{"name": "恒大帝景 3室2厅 南                  ", "jia": "2300", "zul": "整租", "lei": "3室2厅2卫", "chao": "南", "mian": "129.00㎡", "lou": "低楼层/43层", "shui": "暂无数据", "dian": "暂无数据", "zuq": "1年以内", "ran": "暂无数据", "ti": "无", "che": "租用车位"}
{"name": "奥林花园 5居室 东南卧                  ", "jia": "900", "zul": "合租", "lei": "5室1厅3卫", "chao": "东南", "mian": "25.00㎡", "lou": "10/11层", "shui": "民水", "dian": "民电", "zuq": "3~12个月", "ran": "无", "ti": "有", "che": "暂无数据"}
{"name": "华宇世纪花园 3室1厅 西南                  ", "jia": "2100", "zul": "整租", "lei": "3室1厅1卫", "chao": "西南", "mian": "105.00㎡", "lou": "低楼层/9层", "shui": "民水", "dian": "民电", "zuq": "1年以内", "ran": "有", "ti": "无", "che": "暂无数据"}
{"name": "碧桂园西南上城 5居室 南卧                  ", "jia": "760", "zul": "合租", "lei": "5室1厅2卫", "chao": "南", "mian": "10.00㎡", "lou": "14/18层", "shui": "民水", "dian": "民电", "zuq": "6~12个月", "ran": "无", "ti": "无", "che": "暂无数据"}
{"name": "龙锦苑 5居室 东南卧                  ", "jia": "900", "zul": "合租", "lei": "5室1厅3卫", "chao": "东南", "mian": "25.00㎡", "lou": "7/32层", "shui": "民水", "dian": "民电", "zuq": "3~12个月", "ran": "有", "ti": "有", "che": "暂无数据"}
{"name": "碧园花城 6室2厅 东南                  ", "jia": "3200", "zul": "整租", "lei": "6室2厅4卫", "chao": "东南", "mian": "200.00㎡", "lou": "中楼层/24层", "shui": "民水", "dian": "民电", "zuq": "暂无数据", "ran": "有", "ti": "有", "che": "暂无数据"}
{"name": "中铁逸都国际F区 5居室 南卧                  ", "jia": "1160", "zul": "合租", "lei": "5室1厅2卫", "chao": "南", "mian": "10.00㎡", "lou": "6/7层", "shui": "民水", "dian": "民电", "zuq": "6~12个月", "ran": "有", "ti": "无", "che": "暂无数据"}
{"name": "未来方舟F6组团 3室2厅 东南/西北                  ", "jia": "2200", "zul": "整租", "lei": "3室2厅1卫", "chao": "东南 西北", "mian": "95.78㎡", "lou": "高楼层/31层", "shui": "民水", "dian": "民电", "zuq": "1年以内", "ran": "有", "ti": "有", "che": "暂无数据"}
{"name": "中天会展城A区 3室2厅 南                  ", "jia": "2400", "zul": "整租", "lei": "3室2厅2卫", "chao": "南", "mian": "118.00㎡", "lou": "高楼层/32层", "shui": "民水", "dian": "民电", "zuq": "暂无数据", "ran": "有", "ti": "有", "che": "暂无数据"}
{"name": "远大生态风景 5居室 南卧                  ", "jia": "980", "zul": "合租", "lei": "5室1厅2卫", "chao": "南", "mian": "12.00㎡", "lou": "6/33层", "shui": "民水", "dian": "民电", "zuq": "3~12个月", "ran": "有", "ti": "有", "che": "暂无数据"}
{"name": "丽阳天下E区 4居室 东南卧                  ", "jia": "800", "zul": "合租", "lei": "4室1厅2卫", "chao": "东南", "mian": "11.00㎡", "lou": "7/11层", "shui": "民水", "dian": "民电", "zuq": "6~12个月", "ran": "有", "ti": "有", "che": "暂无数据"}
{"name": "学府青藤 3室2厅 南/北                  ", "jia": "1700", "zul": "整租", "lei": "3室2厅1卫", "chao": "南 北", "mian": "100.00㎡", "lou": "高楼层/16层", "shui": "暂无数据", "dian": "暂无数据", "zuq": "暂无数据", "ran": "暂无数据", "ti": "无", "che": "暂无数据"}
{"name": "中铁逸都国际E区 3室2厅 南                  ", "jia": "1500", "zul": "整租", "lei": "3室2厅2卫", "chao": "南", "mian": "143.36㎡", "lou": "低楼层/33层", "shui": "暂无数据", "dian": "暂无数据", "zuq": "1年以内", "ran": "无", "ti": "有", "che": "暂无数据"}
{"name": "碧桂园西南上城 5居室 南卧                  ", "jia": "730", "zul": "合租", "lei": "5室1厅2卫", "chao": "南", "mian": "9.00㎡", "lou": "8/18层", "shui": "民水", "dian": "民电", "zuq": "6~12个月", "ran": "无", "ti": "无", "che": "暂无数据"}
{"name": "龙耀苑 4居室 南卧                  ", "jia": "930", "zul": "合租", "lei": "4室1厅2卫", "chao": "南", "mian": "15.00㎡", "lou": "7/30层", "shui": "民水", "dian": "民电", "zuq": "1年", "ran": "有", "ti": "有", "che": "租用车位"}
{"name": "花溪大道北段428号 3室1厅 南                  ", "jia": "1300", "zul": "整租", "lei": "3室1厅2卫", "chao": "南", "mian": "100.00㎡", "lou": "高楼层/5层", "shui": "暂无数据", "dian": "民电", "zuq": "1年以内", "ran": "有", "ti": "无", "che": "暂无数据"}
{"name": "金地苑 4居室 南卧                  ", "jia": "850", "zul": "合租", "lei": "4室1厅2卫", "chao": "南", "mian": "8.00㎡", "lou": "19/20层", "shui": "民水", "dian": "民电", "zuq": "3~12个月", "ran": "有", "ti": "有", "che": "免费使用"}
{"name": "碧桂园西南上城 5室2厅 东南                  ", "jia": "2500", "zul": "整租", "lei": "5室2厅2卫", "chao": "东南", "mian": "206.00㎡", "lou": "中楼层/30层", "shui": "暂无数据", "dian": "暂无数据", "zuq": "1年以内", "ran": "暂无数据", "ti": "无", "che": "免费使用"}
{"name": "中天未来方舟F10组团盛棠 3室1厅 东                  ", "jia": "2500", "zul": "整租", "lei": "3室1厅1卫", "chao": "东", "mian": "103.00㎡", "lou": "中楼层/33层", "shui": "暂无数据", "dian": "暂无数据", "zuq": "暂无数据", "ran": "暂无数据", "ti": "有", "che": "暂无数据"}
{"name": "小城故事 3室2厅 东/东南                  ", "jia": "2000", "zul": "整租", "lei": "3室2厅2卫", "chao": "东 东南", "mian": "112.00㎡", "lou": "低楼层/8层", "shui": "民水", "dian": "民电", "zuq": "1年以内", "ran": "有", "ti": "无", "che": "暂无数据"}
{"name": "恒森自在城 4居室 南卧                  ", "jia": "940", "zul": "合租", "lei": "4室2厅1卫", "chao": "南", "mian": "14.00㎡", "lou": "5/30层", "shui": "暂无数据", "dian": "暂无数据", "zuq": "3~12个月", "ran": "有", "ti": "有", "che": "暂无数据"}
{"name": "花果园K区 3室2厅 东南                  ", "jia": "2200", "zul": "整租", "lei": "3室2厅1卫", "chao": "东南", "mian": "90.00㎡", "lou": "高楼层/45层", "shui": "民水", "dian": "民电", "zuq": "暂无数据", "ran": "有", "ti": "有", "che": "暂无数据"}
{"name": "北尚华城 3室2厅 北                  ", "jia": "4000", "zul": "整租", "lei": "3室2厅1卫", "chao": "北", "mian": "132.83㎡", "lou": "低楼层/31层", "shui": "民水", "dian": "民电", "zuq": "2年以内", "ran": "有", "ti": "有", "che": "暂无数据"}
{"name": "华润悦府 4室2厅 南                  ", "jia": "2000", "zul": "整租", "lei": "4室2厅2卫", "chao": "南", "mian": "148.00㎡", "lou": "中楼层/29层", "shui": "暂无数据", "dian": "暂无数据", "zuq": "1年以内", "ran": "有", "ti": "有", "che": "暂无数据"}
{"name": "花果园M区 4居室 南卧                  ", "jia": "1180", "zul": "合租", "lei": "4室1厅2卫", "chao": "南", "mian": "18.00㎡", "lou": "28/41层", "shui": "民水", "dian": "民电", "zuq": "3~12个月", "ran": "有", "ti": "有", "che": "暂无数据"}
{"name": "花果园T2区 3室2厅 南                  ", "jia": "2000", "zul": "整租", "lei": "3室2厅1卫", "chao": "南", "mian": "89.00㎡", "lou": "高楼层/45层", "shui": "民水", "dian": "民电", "zuq": "1年以内", "ran": "有", "ti": "有", "che": "租用车位"}
{"name": "丽阳天下D区 4居室 南卧                  ", "jia": "760", "zul": "合租", "lei": "4室1厅2卫", "chao": "南", "mian": "12.00㎡", "lou": "4/6层", "shui": "民水", "dian": "民电", "zuq": "6~12个月", "ran": "有", "ti": "无", "che": "暂无数据"}
{"name": "经协大厦 3室1厅 南/北                  ", "jia": "4100", "zul": "整租", "lei": "3室1厅2卫", "chao": "南 北", "mian": "173.00㎡", "lou": "高楼层/22层", "shui": "民水", "dian": "民电", "zuq": "1年以内", "ran": "有", "ti": "有", "che": "暂无数据"}
{"name": "中天会展城A区 5居室 南卧                  ", "jia": "750", "zul": "合租", "lei": "5室1厅2卫", "chao": "南", "mian": "8.00㎡", "lou": "21/27层", "shui": "民水", "dian": "民电", "zuq": "3~12个月", "ran": "有", "ti": "有", "che": "暂无数据"}
{"name": "碧桂园西南上城 4室2厅 南                  ", "jia": "2500", "zul": "整租", "lei": "4室2厅2卫", "chao": "南", "mian": "144.00㎡", "lou": "中楼层/15层", "shui": "暂无数据", "dian": "暂无数据", "zuq": "暂无数据", "ran": "暂无数据", "ti": "无", "che": "暂无数据"}
{"name": "中创龙园大厦 5居室 南卧                  ", "jia": "1080", "zul": "合租", "lei": "5室0厅2卫", "chao": "南", "mian": "16.00㎡", "lou": "12/23层", "shui": "民水", "dian": "民电", "zuq": "6~12个月", "ran": "有", "ti": "有", "che": "免费使用"}
{"name": "贵阳恒大文化旅游城 3室2厅 南/北                  ", "jia": "1600", "zul": "整租", "lei": "3室2厅2卫", "chao": "南 北", "mian": "120.00㎡", "lou": "中楼层/22层", "shui": "暂无数据", "dian": "暂无数据", "zuq": "暂无数据", "ran": "暂无数据", "ti": "无", "che": "暂无数据"}
{"name": "中铁逸都国际C区 5居室 南卧                  ", "jia": "850", "zul": "合租", "lei": "5室1厅2卫", "chao": "南", "mian": "10.00㎡", "lou": "8/17层", "shui": "民水", "dian": "民电", "zuq": "6~12个月", "ran": "有", "ti": "有", "che": "暂无数据"}
{"name": "黄果树康发大厦 2室1厅 南/北                  ", "jia": "1800", "zul": "整租", "lei": "2室1厅1卫", "chao": "南 北", "mian": "70.00㎡", "lou": "低楼层/17层", "shui": "暂无数据", "dian": "暂无数据", "zuq": "1年以内", "ran": "有", "ti": "无", "che": "暂无数据"}
{"name": "恒大翡翠华庭 4居室 南卧                  ", "jia": "780", "zul": "合租", "lei": "4室1厅2卫", "chao": "南", "mian": "10.00㎡", "lou": "22/33层", "shui": "民水", "dian": "民电", "zuq": "3~12个月", "ran": "有", "ti": "有", "che": "租用车位"}
{"name": "宅吉路11号 2室1厅 东                  ", "jia": "1700", "zul": "整租", "lei": "2室1厅1卫", "chao": "东", "mian": "75.00㎡", "lou": "高楼层/9层", "shui": "暂无数据", "dian": "暂无数据", "zuq": "2年以内", "ran": "暂无数据", "ti": "无", "che": "租用车位"}
{"name": "世纪城龙禧苑 3室1厅 南/北                  ", "jia": "2300", "zul": "整租", "lei": "3室1厅1卫", "chao": "南 北", "mian": "95.00㎡", "lou": "高楼层/30层", "shui": "民水", "dian": "民电", "zuq": "1年以内", "ran": "有", "ti": "有", "che": "暂无数据"}
{"name": "华颐春天 5居室 北卧                  ", "jia": "880", "zul": "合租", "lei": "5室2厅2卫", "chao": "北", "mian": "22.00㎡", "lou": "6/30层", "shui": "民水", "dian": "民电", "zuq": "1年以上", "ran": "有", "ti": "有", "che": "暂无数据"}
{"name": "东山壹号 4居室 南卧                  ", "jia": "580", "zul": "合租", "lei": "4室1厅2卫", "chao": "南", "mian": "25.00㎡", "lou": "25/25层", "shui": "民水", "dian": "民电", "zuq": "1个月以上", "ran": "有", "ti": "有", "che": "免费使用"}
{"name": "中天世纪新城九十组团 3室2厅 东北                  ", "jia": "3000", "zul": "整租", "lei": "3室2厅2卫", "chao": "东北", "mian": "125.00㎡", "lou": "高楼层/31层", "shui": "民水", "dian": "民电", "zuq": "1年以内", "ran": "有", "ti": "有", "che": "暂无数据"}
{"name": "明诚景怡苑 4居室 南卧                  ", "jia": "650", "zul": "合租", "lei": "4室1厅2卫", "chao": "南", "mian": "8.00㎡", "lou": "19/25层", "shui": "民水", "dian": "民电", "zuq": "6~12个月", "ran": "有", "ti": "有", "che": "租用车位"}
{"name": "花果园C区 2室1厅 东南                  ", "jia": "2500", "zul": "整租", "lei": "2室1厅1卫", "chao": "东南", "mian": "75.00㎡", "lou": "高楼层/44层", "shui": "民水", "dian": "民电", "zuq": "1年以内", "ran": "有", "ti": "有", "che": "租用车位"}
{"name": "碧海乾图花园 3室2厅 东南                  ", "jia": "2600", "zul": "整租", "lei": "3室2厅2卫", "chao": "东南", "mian": "120.00㎡", "lou": "高楼层/11层", "shui": "民水", "dian": "民电", "zuq": "3年以内", "ran": "有", "ti": "有", "che": "租用车位"}
{"name": "东方广场 5居室 南卧                  ", "jia": "750", "zul": "合租", "lei": "5室1厅2卫", "chao": "南", "mian": "11.00㎡", "lou": "19/28层", "shui": "民水", "dian": "民电", "zuq": "6~12个月", "ran": "有", "ti": "有", "che": "租用车位"}
{"name": "金谷苑 5居室 南卧                  ", "jia": "760", "zul": "合租", "lei": "5室1厅2卫", "chao": "南", "mian": "8.00㎡", "lou": "21/28层", "shui": "民水", "dian": "民电", "zuq": "6~12个月", "ran": "有", "ti": "有", "che": "暂无数据"}
{"name": "中天世纪新城七组团 7室2厅 东南                  ", "jia": "20000", "zul": "整租", "lei": "7室2厅7卫", "chao": "东南", "mian": "252.00㎡", "lou": "低楼层/5层", "shui": "暂无数据", "dian": "暂无数据", "zuq": "暂无数据", "ran": "有", "ti": "无", "che": "暂无数据"}
{"name": "碧海红湖 4居室 南卧                  ", "jia": "760", "zul": "合租", "lei": "4室1厅2卫", "chao": "南", "mian": "8.00㎡", "lou": "3/6层", "shui": "民水", "dian": "民电", "zuq": "6~12个月", "ran": "有", "ti": "无", "che": "暂无数据"}
{"name": "融创九樾府C区 4室2厅 南                  ", "jia": "3500", "zul": "整租", "lei": "4室2厅2卫", "chao": "南", "mian": "131.00㎡", "lou": "低楼层/33层", "shui": "暂无数据", "dian": "暂无数据", "zuq": "1年以内", "ran": "有", "ti": "有", "che": "租用车位"}
{"name": "绿地伊顿公馆 6室2厅 东南                  ", "jia": "5000", "zul": "整租", "lei": "6室2厅2卫", "chao": "东南", "mian": "190.00㎡", "lou": "低楼层/3层", "shui": "民水", "dian": "民电", "zuq": "暂无数据", "ran": "有", "ti": "无", "che": "暂无数据"}
{"name": "中铁逸都国际A区 3室2厅 东南                  ", "jia": "2800", "zul": "整租", "lei": "3室2厅1卫", "chao": "东南", "mian": "110.00㎡", "lou": "中楼层/5层", "shui": "暂无数据", "dian": "暂无数据", "zuq": "暂无数据", "ran": "有", "ti": "无", "che": "暂无数据"}
{"name": "工会大厦 5居室 南卧                  ", "jia": "900", "zul": "合租", "lei": "5室1厅2卫", "chao": "南", "mian": "12.00㎡", "lou": "24/27层", "shui": "民水", "dian": "民电", "zuq": "3~12个月", "ran": "有", "ti": "有", "che": "免费使用"}
{"name": "万科理想城 3室2厅 南                  ", "jia": "3200", "zul": "整租", "lei": "3室2厅2卫", "chao": "南", "mian": "99.00㎡", "lou": "中楼层/34层", "shui": "暂无数据", "dian": "暂无数据", "zuq": "暂无数据", "ran": "有", "ti": "有", "che": "暂无数据"}
{"name": "华润悦府 4室2厅 西南                  ", "jia": "1600", "zul": "整租", "lei": "4室2厅2卫", "chao": "西南", "mian": "148.00㎡", "lou": "中楼层/29层", "shui": "暂无数据", "dian": "暂无数据", "zuq": "1年以内", "ran": "有", "ti": "有", "che": "免费使用"}
{"name": "金融橙公寓 1室1厅 东南                  ", "jia": "1500", "zul": "整租", "lei": "1室1厅1卫", "chao": "东南", "mian": "55.00㎡", "lou": "高楼层/23层", "shui": "商水", "dian": "商电", "zuq": "暂无数据", "ran": "无", "ti": "有", "che": "暂无数据"}
{"name": "长城嘉苑 5居室 西南卧                  ", "jia": "700", "zul": "合租", "lei": "5室1厅2卫", "chao": "西南", "mian": "11.00㎡", "lou": "1/25层", "shui": "民水", "dian": "民电", "zuq": "3~12个月", "ran": "有", "ti": "有", "che": "免费使用"}
{"name": "万科城E区 3室2厅 南                  ", "jia": "2100", "zul": "整租", "lei": "3室2厅2卫", "chao": "南", "mian": "115.96㎡", "lou": "中楼层/35层", "shui": "暂无数据", "dian": "暂无数据", "zuq": "暂无数据", "ran": "有", "ti": "有", "che": "暂无数据"}
{"name": "金龙国际花园 4居室 南卧                  ", "jia": "1000", "zul": "合租", "lei": "4室1厅2卫", "chao": "南", "mian": "13.00㎡", "lou": "4/11层", "shui": "民水", "dian": "民电", "zuq": "6~12个月", "ran": "有", "ti": "有", "che": "暂无数据"}
{"name": "优品道", "jia": "4200", "zul": "整租", "lei": "3室2厅2卫", "chao": "东南", "mian": "142.00㎡", "lou": "低楼层/33层", "shui": "暂无数据", "dian": "暂无数据", "zuq": "暂无数据", "ran": "有", "ti": "有", "che": "暂无数据"}
{"name": "恒森自在城 5居室 南卧                  ", "jia": "930", "zul": "合租", "lei": "5室1厅2卫", "chao": "南", "mian": "20.00㎡", "lou": "28/32层", "shui": "民水", "dian": "民电", "zuq": "3~12个月", "ran": "有", "ti": "有", "che": "租用车位"}
{"name": "恒大帝景 3室2厅 南                  ", "jia": "2300", "zul": "整租", "lei": "3室2厅2卫", "chao": "南", "mian": "129.00㎡", "lou": "低楼层/43层", "shui": "暂无数据", "dian": "暂无数据", "zuq": "1年以内", "ran": "暂无数据", "ti": "无", "che": "租用车位"}
{"name": "丽阳天下D区 4居室 东卧                  ", "jia": "1000", "zul": "合租", "lei": "4室1厅2卫", "chao": "东", "mian": "25.00㎡", "lou": "1/7层", "shui": "民水", "dian": "民电", "zuq": "6~12个月", "ran": "有", "ti": "无", "che": "租用车位"}
{"name": "华宇世纪花园 3室1厅 西南                  ", "jia": "2100", "zul": "整租", "lei": "3室1厅1卫", "chao": "西南", "mian": "105.00㎡", "lou": "低楼层/9层", "shui": "民水", "dian": "民电", "zuq": "1年以内", "ran": "有", "ti": "无", "che": "暂无数据"}
{"name": "中大国际广场 1室1厅 南                  ", "jia": "1030", "zul": "整租", "lei": "1室1厅1卫", "chao": "南", "mian": "50.00㎡", "lou": "29/42层", "shui": "民水", "dian": "民电", "zuq": "1个月以上", "ran": "有", "ti": "有", "che": "免费使用"}
{"name": "恒峰步行街 4室2厅 复式 东南                  ", "jia": "6000", "zul": "整租", "lei": "4室2厅2卫", "chao": "东南", "mian": "186.21㎡", "lou": "中楼层/29层", "shui": "民水", "dian": "民电", "zuq": "1年以内", "ran": "无", "ti": "有", "che": "租用车位"}
{"name": "新世界御湖 4居室 南卧                  ", "jia": "850", "zul": "合租", "lei": "4室1厅2卫", "chao": "南", "mian": "10.00㎡", "lou": "2/32层", "shui": "民水", "dian": "民电", "zuq": "6~12个月", "ran": "有", "ti": "有", "che": "暂无数据"}
{"name": "碧桂园西南上城 4室2厅 东南                  ", "jia": "2600", "zul": "整租", "lei": "4室2厅2卫", "chao": "东南", "mian": "140.00㎡", "lou": "高楼层/18层", "shui": "暂无数据", "dian": "暂无数据", "zuq": "1年以内", "ran": "暂无数据", "ti": "无", "che": "租用车位"}
{"name": "花果园M区 4居室 南卧                  ", "jia": "1160", "zul": "合租", "lei": "4室1厅2卫", "chao": "南", "mian": "18.00㎡", "lou": "8/41层", "shui": "民水", "dian": "民电", "zuq": "3~12个月", "ran": "有", "ti": "有", "che": "暂无数据"}
{"name": "帝豪名都 4室2厅 东                  ", "jia": "2900", "zul": "整租", "lei": "4室2厅2卫", "chao": "东", "mian": "146.80㎡", "lou": "高楼层/29层", "shui": "民水", "dian": "民电", "zuq": "1年以内", "ran": "有", "ti": "有", "che": "租用车位"}
{"name": "碧桂园贵阳一号 4室2厅 北                  ", "jia": "2000", "zul": "整租", "lei": "4室2厅2卫", "chao": "北", "mian": "123.00㎡", "lou": "低楼层/18层", "shui": "暂无数据", "dian": "暂无数据", "zuq": "1年以内", "ran": "暂无数据", "ti": "无", "che": "租用车位"}
{"name": "中天世纪新城四组团 3室2厅 东南                  ", "jia": "3500", "zul": "整租", "lei": "3室2厅2卫", "chao": "东南", "mian": "135.00㎡", "lou": "高楼层/16层", "shui": "暂无数据", "dian": "暂无数据", "zuq": "暂无数据", "ran": "有", "ti": "有", "che": "暂无数据"}
{"name": "中铁逸都国际F区 5居室 南卧                  ", "jia": "1160", "zul": "合租", "lei": "5室1厅2卫", "chao": "南", "mian": "10.00㎡", "lou": "6/7层", "shui": "民水", "dian": "民电", "zuq": "6~12个月", "ran": "有", "ti": "无", "che": "暂无数据"}
{"name": "万科城 3室2厅 东南                  ", "jia": "1600", "zul": "整租", "lei": "3室2厅1卫", "chao": "东南", "mian": "77.00㎡", "lou": "中楼层/34层", "shui": "民水", "dian": "民电", "zuq": "1年以内", "ran": "有", "ti": "有", "che": "租用车位"}
{"name": "花果园R1区 1室1厅 西                  ", "jia": "1400", "zul": "整租", "lei": "1室1厅1卫", "chao": "西", "mian": "39.00㎡", "lou": "高楼层/45层", "shui": "商水", "dian": "商电", "zuq": "1年以内", "ran": "无", "ti": "有", "che": "租用车位"}
{"name": "吉林花园 3室2厅 南/北                  ", "jia": "2500", "zul": "整租", "lei": "3室2厅1卫", "chao": "南 北", "mian": "123.00㎡", "lou": "中楼层/23层", "shui": "暂无数据", "dian": "暂无数据", "zuq": "1年以内", "ran": "暂无数据", "ti": "有", "che": "租用车位"}
{"name": "云城尚品A1区 3室2厅 东                  ", "jia": "2400", "zul": "整租", "lei": "3室2厅2卫", "chao": "东", "mian": "100.00㎡", "lou": "低楼层/29层", "shui": "民水", "dian": "民电", "zuq": "暂无数据", "ran": "有", "ti": "有", "che": "暂无数据"}
{"name": "群升大智汇思杨郡G组团 4室2厅 南/北                  ", "jia": "2500", "zul": "整租", "lei": "4室2厅2卫", "chao": "南 北", "mian": "140.00㎡", "lou": "中楼层/18层", "shui": "暂无数据", "dian": "暂无数据", "zuq": "暂无数据", "ran": "暂无数据", "ti": "无", "che": "暂无数据"}
{"name": "优品道.现代城 2室2厅 南                  ", "jia": "1400", "zul": "整租", "lei": "2室2厅1卫", "chao": "南", "mian": "78.00㎡", "lou": "高楼层/32层", "shui": "民水", "dian": "民电", "zuq": "1年以内", "ran": "有", "ti": "有", "che": "暂无数据"}
{"name": "恒大中央公园D区 2室2厅 东/东南                  ", "jia": "2800", "zul": "整租", "lei": "2室2厅1卫", "chao": "东 东南", "mian": "83.89㎡", "lou": "低楼层/31层", "shui": "民水", "dian": "民电", "zuq": "1年以内", "ran": "有", "ti": "有", "che": "暂无数据"}
{"name": "未来方舟H6组团 2室2厅 东南                  ", "jia": "2800", "zul": "整租", "lei": "2室2厅1卫", "chao": "东南", "mian": "85.00㎡", "lou": "高楼层/32层", "shui": "民水", "dian": "民电", "zuq": "1年以内", "ran": "有", "ti": "有", "che": "免费使用"}
{"name": "银河世纪 3室2厅 东南                  ", "jia": "1900", "zul": "整租", "lei": "3室2厅2卫", "chao": "东南", "mian": "126.00㎡", "lou": "中楼层/31层", "shui": "暂无数据", "dian": "暂无数据", "zuq": "暂无数据", "ran": "暂无数据", "ti": "有", "che": "暂无数据"}
{"name": "中铁逸都国际B区 1室1厅 东南                  ", "jia": "2000", "zul": "整租", "lei": "1室1厅1卫", "chao": "东南", "mian": "53.00㎡", "lou": "低楼层/28层", "shui": "民水", "dian": "民电", "zuq": "1年以内", "ran": "有", "ti": "有", "che": "租用车位"}
{"name": "中天帝景传说B区 4居室 南卧                  ", "jia": "860", "zul": "合租", "lei": "4室1厅2卫", "chao": "南", "mian": "10.00㎡", "lou": "11/16层", "shui": "民水", "dian": "民电", "zuq": "6~12个月", "ran": "有", "ti": "有", "che": "暂无数据"}
{"name": "北大资源梦想城 1室1厅 东南                  ", "jia": "1380", "zul": "整租", "lei": "1室1厅1卫", "chao": "东南", "mian": "40.00㎡", "lou": "低楼层/18层", "shui": "商水", "dian": "商电", "zuq": "暂无数据", "ran": "无", "ti": "有", "che": "暂无数据"}
{"name": "龙佑苑 3室2厅 东南/南                  ", "jia": "2600", "zul": "整租", "lei": "3室2厅2卫", "chao": "东南 南", "mian": "135.00㎡", "lou": "低楼层/18层", "shui": "民水", "dian": "民电", "zuq": "1年以内", "ran": "有", "ti": "有", "che": "暂无数据"}
{"name": "未来方舟H2组团 4居室 南卧                  ", "jia": "800", "zul": "合租", "lei": "4室1厅2卫", "chao": "南", "mian": "10.00㎡", "lou": "21/32层", "shui": "民水", "dian": "民电", "zuq": "1年", "ran": "有", "ti": "有", "che": "暂无数据"}
{"name": "花果园L2区 2室1厅 东南                  ", "jia": "1800", "zul": "整租", "lei": "2室1厅1卫", "chao": "东南", "mian": "90.00㎡", "lou": "中楼层/45层", "shui": "民水", "dian": "民电", "zuq": "1年以内", "ran": "有", "ti": "有", "che": "租用车位"}
{"name": "富力新天地 1室1厅 东南                  ", "jia": "1600", "zul": "整租", "lei": "1室1厅1卫", "chao": "东南", "mian": "45.00㎡", "lou": "低楼层/19层", "shui": "暂无数据", "dian": "暂无数据", "zuq": "1年以内", "ran": "无", "ti": "有", "che": "暂无数据"}
{"name": "碧海乾图花园 2室1厅 西南                  ", "jia": "2100", "zul": "整租", "lei": "2室1厅1卫", "chao": "西南", "mian": "75.00㎡", "lou": "中楼层/11层", "shui": "民水", "dian": "民电", "zuq": "1年以内", "ran": "有", "ti": "有", "che": "暂无数据"}
{"name": "中银大院 2室1厅 东南/南                  ", "jia": "1400", "zul": "整租", "lei": "2室1厅1卫", "chao": "东南 南", "mian": "85.00㎡", "lou": "高楼层/8层", "shui": "民水", "dian": "暂无数据", "zuq": "暂无数据", "ran": "有", "ti": "无", "che": "暂无数据"}
{"name": "世纪城龙泉苑东区 2室2厅 南/北                  ", "jia": "2400", "zul": "整租", "lei": "2室2厅1卫", "chao": "南 北", "mian": "88.00㎡", "lou": "低楼层/27层", "shui": "民水", "dian": "民电", "zuq": "暂无数据", "ran": "有", "ti": "有", "che": "暂无数据"}
{"name": "枫林 4居室 南卧                  ", "jia": "680", "zul": "合租", "lei": "4室1厅1卫", "chao": "南", "mian": "10.00㎡", "lou": "25/33层", "shui": "民水", "dian": "民电", "zuq": "6~12个月", "ran": "有", "ti": "有", "che": "免费使用"}
{"name": "中天知秋轩 1室0厅 东南                  ", "jia": "800", "zul": "整租", "lei": "1室0厅1卫", "chao": "东南", "mian": "20.00㎡", "lou": "低楼层/32层", "shui": "民水", "dian": "民电", "zuq": "暂无数据", "ran": "有", "ti": "有", "che": "暂无数据"}
{"name": "富力新天地 1室1厅 南/北                  ", "jia": "3300", "zul": "整租", "lei": "1室1厅1卫", "chao": "南 北", "mian": "48.00㎡", "lou": "高楼层/19层", "shui": "暂无数据", "dian": "暂无数据", "zuq": "暂无数据", "ran": "无", "ti": "有", "che": "暂无数据"}
{"name": "中天会展城A区 4居室 南卧                  ", "jia": "1250", "zul": "合租", "lei": "4室2厅2卫", "chao": "南", "mian": "17.00㎡", "lou": "8/32层", "shui": "民水", "dian": "民电", "zuq": "3~12个月", "ran": "有", "ti": "有", "che": "暂无数据"}
{"name": "逸坤尚品 3室2厅 南                  ", "jia": "1800", "zul": "整租", "lei": "3室2厅2卫", "chao": "南", "mian": "119.10㎡", "lou": "高楼层/17层", "shui": "民水", "dian": "民电", "zuq": "暂无数据", "ran": "有", "ti": "有", "che": "暂无数据"}
{"name": "金阳新世界翰临境 2室2厅 南                  ", "jia": "2200", "zul": "整租", "lei": "2室2厅1卫", "chao": "南", "mian": "65.83㎡", "lou": "中楼层/20层", "shui": "民水", "dian": "民电", "zuq": "暂无数据", "ran": "有", "ti": "有", "che": "暂无数据"}
{"name": "中天会展城A区 2室2厅 南/北                  ", "jia": "3200", "zul": "整租", "lei": "2室2厅1卫", "chao": "南 北", "mian": "95.00㎡", "lou": "中楼层/32层", "shui": "民水", "dian": "民电", "zuq": "暂无数据", "ran": "有", "ti": "有", "che": "暂无数据"}
{"name": "东方广场 5居室 南卧                  ", "jia": "750", "zul": "合租", "lei": "5室1厅2卫", "chao": "南", "mian": "11.00㎡", "lou": "19/28层", "shui": "民水", "dian": "民电", "zuq": "6~12个月", "ran": "有", "ti": "有", "che": "租用车位"}
{"name": "中天会展城B区八组团 2室2厅 东南                  ", "jia": "2500", "zul": "整租", "lei": "2室2厅1卫", "chao": "东南", "mian": "90.00㎡", "lou": "低楼层/32层", "shui": "民水", "dian": "民电", "zuq": "1年以内", "ran": "有", "ti": "有", "che": "租用车位"}
{"name": "中天广场 4室2厅 南/北                  ", "jia": "5000", "zul": "整租", "lei": "4室2厅2卫", "chao": "南 北", "mian": "134.00㎡", "lou": "中楼层/20层", "shui": "暂无数据", "dian": "暂无数据", "zuq": "暂无数据", "ran": "有", "ti": "有", "che": "暂无数据"}
{"name": "蒙特卡尼 3室2厅 东南                  ", "jia": "1800", "zul": "整租", "lei": "3室2厅1卫", "chao": "东南", "mian": "94.00㎡", "lou": "中楼层/28层", "shui": "民水", "dian": "民电", "zuq": "暂无数据", "ran": "有", "ti": "有", "che": "暂无数据"}
{"name": "优品道", "jia": "700", "zul": "合租", "lei": "1室1厅0卫", "chao": "东南", "mian": "11.00㎡", "lou": "高楼层/29层", "shui": "民水", "dian": "民电", "zuq": "暂无数据", "ran": "有", "ti": "有", "che": "暂无数据"}
{"name": "花果园V区 4室2厅 东南                  ", "jia": "3600", "zul": "整租", "lei": "4室2厅2卫", "chao": "东南", "mian": "132.00㎡", "lou": "中楼层/39层", "shui": "民水", "dian": "民电", "zuq": "1年以内", "ran": "有", "ti": "有", "che": "租用车位"}
{"name": "保利凤凰湾 3室2厅 东                  ", "jia": "2600", "zul": "整租", "lei": "3室2厅2卫", "chao": "东", "mian": "120.00㎡", "lou": "中楼层/35层", "shui": "暂无数据", "dian": "暂无数据", "zuq": "1年以内", "ran": "暂无数据", "ti": "无", "che": "租用车位"}
{"name": "经典天成 4室2厅 东南                  ", "jia": "18000", "zul": "整租", "lei": "4室2厅4卫", "chao": "东南", "mian": "430.00㎡", "lou": "低楼层/6层", "shui": "商水", "dian": "商电", "zuq": "2年以内", "ran": "有", "ti": "有", "che": "租用车位"}
{"name": "旭辉观云 3室2厅 东/南                  ", "jia": "2500", "zul": "整租", "lei": "3室2厅2卫", "chao": "东 南", "mian": "111.00㎡", "lou": "中楼层/24层", "shui": "暂无数据", "dian": "暂无数据", "zuq": "1年以内", "ran": "暂无数据", "ti": "无", "che": "租用车位"}
{"name": "碧海社区听涛园小区 3室2厅 东南                  ", "jia": "2400", "zul": "整租", "lei": "3室2厅2卫", "chao": "东南", "mian": "128.00㎡", "lou": "低楼层/7层", "shui": "暂无数据", "dian": "暂无数据", "zuq": "暂无数据", "ran": "有", "ti": "无", "che": "暂无数据"}
{"name": "兴隆城市花园怡水园 2室2厅 南/北                  ", "jia": "1300", "zul": "整租", "lei": "2室2厅1卫", "chao": "南 北", "mian": "91.00㎡", "lou": "低楼层/7层", "shui": "民水", "dian": "民电", "zuq": "暂无数据", "ran": "有", "ti": "无", "che": "暂无数据"}
{"name": "庭宜小区 3室2厅 南/北                  ", "jia": "3000", "zul": "整租", "lei": "3室2厅1卫", "chao": "南 北", "mian": "122.00㎡", "lou": "高楼层/9层", "shui": "暂无数据", "dian": "暂无数据", "zuq": "暂无数据", "ran": "暂无数据", "ti": "无", "che": "暂无数据"}
{"name": "十里江南 3室2厅 南                  ", "jia": "1600", "zul": "整租", "lei": "3室2厅2卫", "chao": "南", "mian": "160.00㎡", "lou": "低楼层/11层", "shui": "民水", "dian": "民电", "zuq": "1年以内", "ran": "有", "ti": "无", "che": "暂无数据"}
{"name": "锦花溪 2室2厅 南                  ", "jia": "1500", "zul": "整租", "lei": "2室2厅1卫", "chao": "南", "mian": "90.00㎡", "lou": "高楼层/33层", "shui": "民水", "dian": "民电", "zuq": "1年以内", "ran": "有", "ti": "有", "che": "租用车位"}
{"name": "花果园M区 3室1厅 东南                  ", "jia": "2000", "zul": "整租", "lei": "3室1厅1卫", "chao": "东南", "mian": "89.00㎡", "lou": "中楼层/45层", "shui": "民水", "dian": "民电", "zuq": "1年以内", "ran": "有", "ti": "有", "che": "租用车位"}
{"name": "龙锦苑 3室2厅 南/西北                  ", "jia": "1900", "zul": "整租", "lei": "3室2厅2卫", "chao": "南 西北", "mian": "137.00㎡", "lou": "高楼层/30层", "shui": "民水", "dian": "民电", "zuq": "1年以内", "ran": "有", "ti": "有", "che": "暂无数据"}
{"name": "美的国宾府 3室2厅 南/北                  ", "jia": "2000", "zul": "整租", "lei": "3室2厅2卫", "chao": "南 北", "mian": "110.00㎡", "lou": "中楼层/33层", "shui": "暂无数据", "dian": "暂无数据", "zuq": "1年以内", "ran": "暂无数据", "ti": "无", "che": "租用车位"}
{"name": "锦绣星城 2室1厅 东南                  ", "jia": "1800", "zul": "整租", "lei": "2室1厅1卫", "chao": "东南", "mian": "86.44㎡", "lou": "高楼层/28层", "shui": "民水", "dian": "民电", "zuq": "1年以内", "ran": "有", "ti": "有", "che": "租用车位"}
{"name": "花果园M区 3室2厅 东南                  ", "jia": "2200", "zul": "整租", "lei": "3室2厅1卫", "chao": "东南", "mian": "90.00㎡", "lou": "低楼层/43层", "shui": "民水", "dian": "民电", "zuq": "1年以内", "ran": "有", "ti": "有", "che": "租用车位"}
{"name": "远丰贵府 3室2厅 东南                  ", "jia": "5500", "zul": "整租", "lei": "3室2厅2卫", "chao": "东南", "mian": "129.00㎡", "lou": "高楼层/33层", "shui": "暂无数据", "dian": "暂无数据", "zuq": "1年以内", "ran": "有", "ti": "有", "che": "租用车位"}
{"name": "会展SOHO 2室2厅 东北                  ", "jia": "2100", "zul": "整租", "lei": "2室2厅2卫", "chao": "东北", "mian": "50.00㎡", "lou": "低楼层/17层", "shui": "商水", "dian": "商电", "zuq": "1年以内", "ran": "无", "ti": "有", "che": "暂无数据"}
